sub,pred,obj
http://www.semanticweb.org/bs/ontologies/2022/0/untitled-ontology-17,http://www.w3.org/1999/02/22-rdf-syntax-ns#type,http://www.w3.org/2002/07/owl#Ontology
http://www.semanticweb.org/bs/ontologies/2022/0/untitled-ontology-17,http://www.w3.org/2002/07/owl#imports,http://owl.man.ac.uk/2006/07/sssw/people
http://www.semanticweb.org/bs/ontologies/2022/0/untitled-ontology-17#hasElement,http://www.w3.org/1999/02/22-rdf-syntax-ns#type,http://www.w3.org/2002/07/owl#ObjectProperty
http://www.semanticweb.org/bs/ontologies/2022/0/untitled-ontology-17#hasElement,http://www.w3.org/2000/01/rdf-schema#range,http://www.semanticweb.org/bs/ontologies/2022/0/untitled-ontology-17#Element
http://www.semanticweb.org/bs/ontologies/2022/0/untitled-ontology-17#hasElement,http://www.w3.org/2000/01/rdf-schema#domain,http://www.semanticweb.org/bs/ontologies/2022/0/untitled-ontology-17#Sign
http://www.semanticweb.org/bs/ontologies/2022/0/untitled-ontology-17#Element,http://www.w3.org/1999/02/22-rdf-syntax-ns#type,http://www.w3.org/2002/07/owl#Class
http://www.semanticweb.org/bs/ontologies/2022/0/untitled-ontology-17#Sign,http://www.w3.org/1999/02/22-rdf-syntax-ns#type,http://www.w3.org/2002/07/owl#Class
http://www.semanticweb.org/bs/ontologies/2022/0/untitled-ontology-17#Sign,http://www.w3.org/2000/01/rdf-schema#subClassOf,http://www.w3.org/2002/07/owl#Thing
http://www.semanticweb.org/bs/ontologies/2022/0/untitled-ontology-17#hasOwned,http://www.w3.org/1999/02/22-rdf-syntax-ns#type,http://www.w3.org/2002/07/owl#ObjectProperty
http://www.semanticweb.org/bs/ontologies/2022/0/untitled-ontology-17#hasOwned,http://www.w3.org/2000/01/rdf-schema#range,http://www.semanticweb.org/bs/ontologies/2022/0/untitled-ontology-17#House
http://www.semanticweb.org/bs/ontologies/2022/0/untitled-ontology-17#hasOwned,http://www.w3.org/2000/01/rdf-schema#domain,http://www.semanticweb.org/bs/ontologies/2022/0/untitled-ontology-17#Sign
http://www.semanticweb.org/bs/ontologies/2022/0/untitled-ontology-17#House,http://www.w3.org/1999/02/22-rdf-syntax-ns#type,http://www.w3.org/2002/07/owl#Class
http://www.semanticweb.org/bs/ontologies/2022/0/untitled-ontology-17#House,http://www.w3.org/2000/01/rdf-schema#subClassOf,http://www.w3.org/2002/07/owl#Thing
http://www.semanticweb.org/bs/ontologies/2022/0/untitled-ontology-17#hasQuality,http://www.w3.org/1999/02/22-rdf-syntax-ns#type,http://www.w3.org/2002/07/owl#ObjectProperty
http://www.semanticweb.org/bs/ontologies/2022/0/untitled-ontology-17#hasQuality,http://www.w3.org/2000/01/rdf-schema#range,http://www.semanticweb.org/bs/ontologies/2022/0/untitled-ontology-17#Quality
http://www.semanticweb.org/bs/ontologies/2022/0/untitled-ontology-17#hasQuality,http://www.w3.org/2000/01/rdf-schema#domain,http://www.semanticweb.org/bs/ontologies/2022/0/untitled-ontology-17#Sign
http://www.semanticweb.org/bs/ontologies/2022/0/untitled-ontology-17#Quality,http://www.w3.org/1999/02/22-rdf-syntax-ns#type,http://www.w3.org/2002/07/owl#Class
http://www.semanticweb.org/bs/ontologies/2022/0/untitled-ontology-17#hasRuledBy,http://www.w3.org/1999/02/22-rdf-syntax-ns#type,http://www.w3.org/2002/07/owl#ObjectProperty
http://www.semanticweb.org/bs/ontologies/2022/0/untitled-ontology-17#hasRuledBy,http://www.w3.org/2000/01/rdf-schema#range,http://www.semanticweb.org/bs/ontologies/2022/0/untitled-ontology-17#Planet
http://www.semanticweb.org/bs/ontologies/2022/0/untitled-ontology-17#hasRuledBy,http://www.w3.org/2000/01/rdf-schema#domain,http://www.semanticweb.org/bs/ontologies/2022/0/untitled-ontology-17#Sign
http://www.semanticweb.org/bs/ontologies/2022/0/untitled-ontology-17#Planet,http://www.w3.org/1999/02/22-rdf-syntax-ns#type,http://www.w3.org/2002/07/owl#Class
http://www.semanticweb.org/bs/ontologies/2022/0/untitled-ontology-17#Planet,http://www.w3.org/2000/01/rdf-schema#subClassOf,http://www.w3.org/2002/07/owl#Thing
http://www.semanticweb.org/bs/ontologies/2022/0/untitled-ontology-17#pBirthDate,http://www.w3.org/1999/02/22-rdf-syntax-ns#type,http://www.w3.org/2002/07/owl#DatatypeProperty
http://www.semanticweb.org/bs/ontologies/2022/0/untitled-ontology-17#pBirthPlace,http://www.w3.org/1999/02/22-rdf-syntax-ns#type,http://www.w3.org/2002/07/owl#DatatypeProperty
http://www.semanticweb.org/bs/ontologies/2022/0/untitled-ontology-17#pBirthPlace,http://www.w3.org/2000/01/rdf-schema#range,http://www.w3.org/2001/XMLSchema#string
http://www.semanticweb.org/bs/ontologies/2022/0/untitled-ontology-17#pBirthPlace,http://www.w3.org/2000/01/rdf-schema#domain,http://www.semanticweb.org/bs/ontologies/2022/0/untitled-ontology-17#Person
http://www.semanticweb.org/bs/ontologies/2022/0/untitled-ontology-17#Person,http://www.w3.org/1999/02/22-rdf-syntax-ns#type,http://www.w3.org/2002/07/owl#Class
http://www.semanticweb.org/bs/ontologies/2022/0/untitled-ontology-17#pGender,http://www.w3.org/1999/02/22-rdf-syntax-ns#type,http://www.w3.org/2002/07/owl#DatatypeProperty
http://www.semanticweb.org/bs/ontologies/2022/0/untitled-ontology-17#pGender,http://www.w3.org/2000/01/rdf-schema#range,http://www.w3.org/2001/XMLSchema#string
http://www.semanticweb.org/bs/ontologies/2022/0/untitled-ontology-17#pGender,http://www.w3.org/2000/01/rdf-schema#domain,http://www.semanticweb.org/bs/ontologies/2022/0/untitled-ontology-17#Person
http://www.semanticweb.org/bs/ontologies/2022/0/untitled-ontology-17#pName,http://www.w3.org/1999/02/22-rdf-syntax-ns#type,http://www.w3.org/2002/07/owl#DatatypeProperty
http://www.semanticweb.org/bs/ontologies/2022/0/untitled-ontology-17#pName,http://www.w3.org/2000/01/rdf-schema#range,http://www.w3.org/2001/XMLSchema#string
http://www.semanticweb.org/bs/ontologies/2022/0/untitled-ontology-17#pName,http://www.w3.org/2000/01/rdf-schema#domain,http://www.semanticweb.org/bs/ontologies/2022/0/untitled-ontology-17#Person
http://www.semanticweb.org/bs/ontologies/2022/0/untitled-ontology-17#pSurname,http://www.w3.org/1999/02/22-rdf-syntax-ns#type,http://www.w3.org/2002/07/owl#DatatypeProperty
http://www.semanticweb.org/bs/ontologies/2022/0/untitled-ontology-17#pSurname,http://www.w3.org/2000/01/rdf-schema#range,http://www.w3.org/2001/XMLSchema#string
http://www.semanticweb.org/bs/ontologies/2022/0/untitled-ontology-17#pSurname,http://www.w3.org/2000/01/rdf-schema#domain,http://www.semanticweb.org/bs/ontologies/2022/0/untitled-ontology-17#Person
http://www.semanticweb.org/bs/ontologies/2022/0/untitled-ontology-17#10thHouse,http://www.w3.org/1999/02/22-rdf-syntax-ns#type,http://www.w3.org/2002/07/owl#Class
http://www.semanticweb.org/bs/ontologies/2022/0/untitled-ontology-17#10thHouse,http://www.w3.org/2000/01/rdf-schema#subClassOf,http://www.semanticweb.org/bs/ontologies/2022/0/untitled-ontology-17#House
http://www.semanticweb.org/bs/ontologies/2022/0/untitled-ontology-17#11thHouse,http://www.w3.org/1999/02/22-rdf-syntax-ns#type,http://www.w3.org/2002/07/owl#Class
http://www.semanticweb.org/bs/ontologies/2022/0/untitled-ontology-17#11thHouse,http://www.w3.org/2000/01/rdf-schema#subClassOf,http://www.semanticweb.org/bs/ontologies/2022/0/untitled-ontology-17#House
http://www.semanticweb.org/bs/ontologies/2022/0/untitled-ontology-17#12thHouse,http://www.w3.org/1999/02/22-rdf-syntax-ns#type,http://www.w3.org/2002/07/owl#Class
http://www.semanticweb.org/bs/ontologies/2022/0/untitled-ontology-17#12thHouse,http://www.w3.org/2000/01/rdf-schema#subClassOf,http://www.semanticweb.org/bs/ontologies/2022/0/untitled-ontology-17#House
http://www.semanticweb.org/bs/ontologies/2022/0/untitled-ontology-17#1stHouse,http://www.w3.org/1999/02/22-rdf-syntax-ns#type,http://www.w3.org/2002/07/owl#Class
http://www.semanticweb.org/bs/ontologies/2022/0/untitled-ontology-17#1stHouse,http://www.w3.org/2000/01/rdf-schema#subClassOf,http://www.semanticweb.org/bs/ontologies/2022/0/untitled-ontology-17#House
http://www.semanticweb.org/bs/ontologies/2022/0/untitled-ontology-17#2ndHouse,http://www.w3.org/1999/02/22-rdf-syntax-ns#type,http://www.w3.org/2002/07/owl#Class
http://www.semanticweb.org/bs/ontologies/2022/0/untitled-ontology-17#2ndHouse,http://www.w3.org/2000/01/rdf-schema#subClassOf,http://www.semanticweb.org/bs/ontologies/2022/0/untitled-ontology-17#House
http://www.semanticweb.org/bs/ontologies/2022/0/untitled-ontology-17#3rdHouse,http://www.w3.org/1999/02/22-rdf-syntax-ns#type,http://www.w3.org/2002/07/owl#Class
http://www.semanticweb.org/bs/ontologies/2022/0/untitled-ontology-17#3rdHouse,http://www.w3.org/2000/01/rdf-schema#subClassOf,http://www.semanticweb.org/bs/ontologies/2022/0/untitled-ontology-17#House
http://www.semanticweb.org/bs/ontologies/2022/0/untitled-ontology-17#4thHouse,http://www.w3.org/1999/02/22-rdf-syntax-ns#type,http://www.w3.org/2002/07/owl#Class
http://www.semanticweb.org/bs/ontologies/2022/0/untitled-ontology-17#4thHouse,http://www.w3.org/2000/01/rdf-schema#subClassOf,http://www.semanticweb.org/bs/ontologies/2022/0/untitled-ontology-17#House
