class,label,description
http://www.semanticweb.org/bs/ontologies/2022/0/untitled-ontology-17#Element,,
http://www.semanticweb.org/bs/ontologies/2022/0/untitled-ontology-17#Sign,,
http://www.semanticweb.org/bs/ontologies/2022/0/untitled-ontology-17#House,,
http://www.semanticweb.org/bs/ontologies/2022/0/untitled-ontology-17#Quality,,
http://www.semanticweb.org/bs/ontologies/2022/0/untitled-ontology-17#Planet,,
http://www.semanticweb.org/bs/ontologies/2022/0/untitled-ontology-17#Person,,
http://www.semanticweb.org/bs/ontologies/2022/0/untitled-ontology-17#10thHouse,,
http://www.semanticweb.org/bs/ontologies/2022/0/untitled-ontology-17#11thHouse,,
http://www.semanticweb.org/bs/ontologies/2022/0/untitled-ontology-17#12thHouse,,
http://www.semanticweb.org/bs/ontologies/2022/0/untitled-ontology-17#1stHouse,,
http://www.semanticweb.org/bs/ontologies/2022/0/untitled-ontology-17#2ndHouse,,
http://www.semanticweb.org/bs/ontologies/2022/0/untitled-ontology-17#3rdHouse,,
http://www.semanticweb.org/bs/ontologies/2022/0/untitled-ontology-17#4thHouse,,
http://www.semanticweb.org/bs/ontologies/2022/0/untitled-ontology-17#5thHouse,,
http://www.semanticweb.org/bs/ontologies/2022/0/untitled-ontology-17#6thHouse,,
http://www.semanticweb.org/bs/ontologies/2022/0/untitled-ontology-17#7thHouse,,
http://www.semanticweb.org/bs/ontologies/2022/0/untitled-ontology-17#8thHouse,,
http://www.semanticweb.org/bs/ontologies/2022/0/untitled-ontology-17#9thHouse,,
http://www.semanticweb.org/bs/ontologies/2022/0/untitled-ontology-17#Air,,
http://www.semanticweb.org/bs/ontologies/2022/0/untitled-ontology-17#Aquarius,,
_:b0,,
http://www.semanticweb.org/bs/ontologies/2022/0/untitled-ontology-17#Uranus,,
_:b1,,
http://www.semanticweb.org/bs/ontologies/2022/0/untitled-ontology-17#Saturn,,
http://www.semanticweb.org/bs/ontologies/2022/0/untitled-ontology-17#Fixed,,
http://www.semanticweb.org/bs/ontologies/2022/0/untitled-ontology-17#Aries,,
http://www.semanticweb.org/bs/ontologies/2022/0/untitled-ontology-17#Fire,,
http://www.semanticweb.org/bs/ontologies/2022/0/untitled-ontology-17#Mars,,
http://www.semanticweb.org/bs/ontologies/2022/0/untitled-ontology-17#Cardinal,,
http://www.semanticweb.org/bs/ontologies/2022/0/untitled-ontology-17#Cancer,,
http://www.semanticweb.org/bs/ontologies/2022/0/untitled-ontology-17#Moon,,
http://www.semanticweb.org/bs/ontologies/2022/0/untitled-ontology-17#Water,,
http://www.semanticweb.org/bs/ontologies/2022/0/untitled-ontology-17#Capricorn,,
http://www.semanticweb.org/bs/ontologies/2022/0/untitled-ontology-17#Earth,,
http://www.semanticweb.org/bs/ontologies/2022/0/untitled-ontology-17#Gemini,,
http://www.semanticweb.org/bs/ontologies/2022/0/untitled-ontology-17#Mercury,,
http://www.semanticweb.org/bs/ontologies/2022/0/untitled-ontology-17#Mutable,,
http://www.semanticweb.org/bs/ontologies/2022/0/untitled-ontology-17#Jupiter,,
http://www.semanticweb.org/bs/ontologies/2022/0/untitled-ontology-17#Leo,,
http://www.semanticweb.org/bs/ontologies/2022/0/untitled-ontology-17#Sun,,
http://www.semanticweb.org/bs/ontologies/2022/0/untitled-ontology-17#Libra,,
http://www.semanticweb.org/bs/ontologies/2022/0/untitled-ontology-17#Venus,,
http://www.semanticweb.org/bs/ontologies/2022/0/untitled-ontology-17#Neptune,,
http://www.semanticweb.org/bs/ontologies/2022/0/untitled-ontology-17#Pisces,,
_:b2,,
_:b3,,
http://www.semanticweb.org/bs/ontologies/2022/0/untitled-ontology-17#Pluto,,
http://www.semanticweb.org/bs/ontologies/2022/0/untitled-ontology-17#Sagittarius,,
http://www.semanticweb.org/bs/ontologies/2022/0/untitled-ontology-17#Scorpio,,
_:b4,,
